id,Height,Diameter,LeafArea,FreshWeightShoot,Variety,DryWeightShoot,_original_id
1,5.1,16.1,87.6,3.2,Aphylion,0.16,0
2,5.1,16.1,87.6,3.2,Aphylion,0.16,0
3,5.1,16.1,87.6,3.2,Aphylion,0.16,0
4,5.1,16.1,87.6,3.2,Aphylion,0.16,0
5,5.1,16.1,87.6,3.2,Aphylion,0.16,0
6,5.1,16.1,87.6,3.2,Aphylion,0.16,0
7,9.6,18.2,102.4,3.8,Aphylion,0.16,1
8,9.6,18.2,102.4,3.8,Aphylion,0.16,1
9,9.6,18.2,102.4,3.8,Aphylion,0.16,1
10,9.6,18.2,102.4,3.8,Aphylion,0.16,1
11,9.6,18.2,102.4,3.8,Aphylion,0.16,1
12,9.6,18.2,102.4,3.8,Aphylion,0.16,1
13,6.2,17.6,84.5,3.1,Aphylion,0.14,2
14,6.2,17.6,84.5,3.1,Aphylion,0.14,2
15,6.2,17.6,84.5,3.1,Aphylion,0.14,2
16,6.2,17.6,84.5,3.1,Aphylion,0.14,2
17,6.2,17.6,84.5,3.1,Aphylion,0.14,2
18,6.2,17.6,84.5,3.1,Aphylion,0.14,2
19,5.4,15.5,82.7,3.0,Aphylion,0.13,3
20,5.4,15.5,82.7,3.0,Aphylion,0.13,3
21,5.4,15.5,82.7,3.0,Aphylion,0.13,3
22,5.4,15.5,82.7,3.0,Aphylion,0.13,3
23,5.4,15.5,82.7,3.0,Aphylion,0.13,3
24,5.4,15.5,82.7,3.0,Aphylion,0.13,3
25,5.3,19.5,144.3,6.5,Aphylion,0.74,4
26,5.3,19.5,144.3,6.5,Aphylion,0.74,4
27,5.3,19.5,144.3,6.5,Aphylion,0.74,4
28,5.3,19.5,144.3,6.5,Aphylion,0.74,4
29,5.3,19.5,144.3,6.5,Aphylion,0.74,4
30,5.3,19.5,144.3,6.5,Aphylion,0.74,4
31,6.5,15.7,105.7,4.2,Aphylion,0.37,5
32,6.5,15.7,105.7,4.2,Aphylion,0.37,5
33,6.5,15.7,105.7,4.2,Aphylion,0.37,5
34,6.5,15.7,105.7,4.2,Aphylion,0.37,5
35,6.5,15.7,105.7,4.2,Aphylion,0.37,5
36,6.5,15.7,105.7,4.2,Aphylion,0.37,5
37,7.5,13.4,140.8,7.1,Aphylion,0.63,6
38,7.5,13.4,140.8,7.1,Aphylion,0.63,6
39,7.5,13.4,140.8,7.1,Aphylion,0.63,6
40,7.5,13.4,140.8,7.1,Aphylion,0.63,6
41,7.5,13.4,140.8,7.1,Aphylion,0.63,6
42,7.5,13.4,140.8,7.1,Aphylion,0.63,6
43,7.5,18.3,210.9,9.1,Aphylion,0.77,7
44,7.5,18.3,210.9,9.1,Aphylion,0.77,7
45,7.5,18.3,210.9,9.1,Aphylion,0.77,7
46,7.5,18.3,210.9,9.1,Aphylion,0.77,7
47,7.5,18.3,210.9,9.1,Aphylion,0.77,7
48,7.5,18.3,210.9,9.1,Aphylion,0.77,7
49,7.2,16.5,234.2,10.4,Aphylion,0.88,8
50,7.2,16.5,234.2,10.4,Aphylion,0.88,8
51,7.2,16.5,234.2,10.4,Aphylion,0.88,8
52,7.2,16.5,234.2,10.4,Aphylion,0.88,8
53,7.2,16.5,234.2,10.4,Aphylion,0.88,8
54,7.2,16.5,234.2,10.4,Aphylion,0.88,8
61,7.0,18.0,509.9,26.3,Aphylion,1.99,10
62,7.0,18.0,509.9,26.3,Aphylion,1.99,10
63,7.0,18.0,509.9,26.3,Aphylion,1.99,10
64,7.0,18.0,509.9,26.3,Aphylion,1.99,10
65,7.0,18.0,509.9,26.3,Aphylion,1.99,10
66,7.0,18.0,509.9,26.3,Aphylion,1.99,10
67,6.6,19.5,520.0,27.9,Aphylion,1.76,11
68,6.6,19.5,520.0,27.9,Aphylion,1.76,11
69,6.6,19.5,520.0,27.9,Aphylion,1.76,11
70,6.6,19.5,520.0,27.9,Aphylion,1.76,11
71,6.6,19.5,520.0,27.9,Aphylion,1.76,11
72,6.6,19.5,520.0,27.9,Aphylion,1.76,11
73,8.7,19.3,480.4,34.0,Aphylion,2.1,12
74,8.7,19.3,480.4,34.0,Aphylion,2.1,12
75,8.7,19.3,480.4,34.0,Aphylion,2.1,12
76,8.7,19.3,480.4,34.0,Aphylion,2.1,12
77,8.7,19.3,480.4,34.0,Aphylion,2.1,12
78,8.7,19.3,480.4,34.0,Aphylion,2.1,12
79,8.6,20.1,675.5,37.0,Aphylion,1.98,13
80,8.6,20.1,675.5,37.0,Aphylion,1.98,13
81,8.6,20.1,675.5,37.0,Aphylion,1.98,13
82,8.6,20.1,675.5,37.0,Aphylion,1.98,13
83,8.6,20.1,675.5,37.0,Aphylion,1.98,13
84,8.6,20.1,675.5,37.0,Aphylion,1.98,13
85,8.1,16.3,543.5,24.5,Aphylion,1.7,14
86,8.1,16.3,543.5,24.5,Aphylion,1.7,14
87,8.1,16.3,543.5,24.5,Aphylion,1.7,14
88,8.1,16.3,543.5,24.5,Aphylion,1.7,14
89,8.1,16.3,543.5,24.5,Aphylion,1.7,14
90,8.1,16.3,543.5,24.5,Aphylion,1.7,14
103,7.0,20.1,561.3,26.7,Aphylion,2.24,17
104,7.0,20.1,561.3,26.7,Aphylion,2.24,17
105,7.0,20.1,561.3,26.7,Aphylion,2.24,17
106,7.0,20.1,561.3,26.7,Aphylion,2.24,17
107,7.0,20.1,561.3,26.7,Aphylion,2.24,17
108,7.0,20.1,561.3,26.7,Aphylion,2.24,17
121,13.1,19.5,1318.9,74.3,Aphylion,3.46,20
122,13.1,19.5,1318.9,74.3,Aphylion,3.46,20
123,13.1,19.5,1318.9,74.3,Aphylion,3.46,20
124,13.1,19.5,1318.9,74.3,Aphylion,3.46,20
125,13.1,19.5,1318.9,74.3,Aphylion,3.46,20
126,13.1,19.5,1318.9,74.3,Aphylion,3.46,20
127,11.0,20.3,1073.6,60.1,Aphylion,4.02,21
128,11.0,20.3,1073.6,60.1,Aphylion,4.02,21
129,11.0,20.3,1073.6,60.1,Aphylion,4.02,21
130,11.0,20.3,1073.6,60.1,Aphylion,4.02,21
131,11.0,20.3,1073.6,60.1,Aphylion,4.02,21
132,11.0,20.3,1073.6,60.1,Aphylion,4.02,21
133,12.4,17.0,1133.6,53.9,Aphylion,2.89,22
134,12.4,17.0,1133.6,53.9,Aphylion,2.89,22
135,12.4,17.0,1133.6,53.9,Aphylion,2.89,22
136,12.4,17.0,1133.6,53.9,Aphylion,2.89,22
137,12.4,17.0,1133.6,53.9,Aphylion,2.89,22
138,12.4,17.0,1133.6,53.9,Aphylion,2.89,22
139,9.5,17.2,573.8,28.6,Aphylion,2.35,23
140,9.5,17.2,573.8,28.6,Aphylion,2.35,23
141,9.5,17.2,573.8,28.6,Aphylion,2.35,23
142,9.5,17.2,573.8,28.6,Aphylion,2.35,23
143,9.5,17.2,573.8,28.6,Aphylion,2.35,23
144,9.5,17.2,573.8,28.6,Aphylion,2.35,23
145,12.4,16.9,915.1,44.9,Aphylion,2.02,24
146,12.4,16.9,915.1,44.9,Aphylion,2.02,24
147,12.4,16.9,915.1,44.9,Aphylion,2.02,24
148,12.4,16.9,915.1,44.9,Aphylion,2.02,24
149,12.4,16.9,915.1,44.9,Aphylion,2.02,24
150,12.4,16.9,915.1,44.9,Aphylion,2.02,24
157,12.1,22.1,1460.4,79.8,Aphylion,3.81,26
158,12.1,22.1,1460.4,79.8,Aphylion,3.81,26
159,12.1,22.1,1460.4,79.8,Aphylion,3.81,26
160,12.1,22.1,1460.4,79.8,Aphylion,3.81,26
161,12.1,22.1,1460.4,79.8,Aphylion,3.81,26
162,12.1,22.1,1460.4,79.8,Aphylion,3.81,26
163,11.2,19.5,1646.4,88.1,Aphylion,4.68,27
164,11.2,19.5,1646.4,88.1,Aphylion,4.68,27
165,11.2,19.5,1646.4,88.1,Aphylion,4.68,27
166,11.2,19.5,1646.4,88.1,Aphylion,4.68,27
167,11.2,19.5,1646.4,88.1,Aphylion,4.68,27
168,11.2,19.5,1646.4,88.1,Aphylion,4.68,27
169,15.0,26.0,2453.6,163.0,Aphylion,6.82,28
170,15.0,26.0,2453.6,163.0,Aphylion,6.82,28
171,15.0,26.0,2453.6,163.0,Aphylion,6.82,28
172,15.0,26.0,2453.6,163.0,Aphylion,6.82,28
173,15.0,26.0,2453.6,163.0,Aphylion,6.82,28
174,15.0,26.0,2453.6,163.0,Aphylion,6.82,28
175,14.0,22.0,2502.9,157.0,Aphylion,7.16,29
176,14.0,22.0,2502.9,157.0,Aphylion,7.16,29
177,14.0,22.0,2502.9,157.0,Aphylion,7.16,29
178,14.0,22.0,2502.9,157.0,Aphylion,7.16,29
179,14.0,22.0,2502.9,157.0,Aphylion,7.16,29
180,14.0,22.0,2502.9,157.0,Aphylion,7.16,29
187,16.5,20.0,1979.5,129.0,Aphylion,6.16,31
188,16.5,20.0,1979.5,129.0,Aphylion,6.16,31
189,16.5,20.0,1979.5,129.0,Aphylion,6.16,31
190,16.5,20.0,1979.5,129.0,Aphylion,6.16,31
191,16.5,20.0,1979.5,129.0,Aphylion,6.16,31
192,16.5,20.0,1979.5,129.0,Aphylion,6.16,31
193,17.5,30.6,2525.2,164.8,Aphylion,9.24,32
194,17.5,30.6,2525.2,164.8,Aphylion,9.24,32
195,17.5,30.6,2525.2,164.8,Aphylion,9.24,32
196,17.5,30.6,2525.2,164.8,Aphylion,9.24,32
197,17.5,30.6,2525.2,164.8,Aphylion,9.24,32
198,17.5,30.6,2525.2,164.8,Aphylion,9.24,32
199,20.5,25.0,3734.2,261.9,Aphylion,12.31,33
200,20.5,25.0,3734.2,261.9,Aphylion,12.31,33
201,20.5,25.0,3734.2,261.9,Aphylion,12.31,33
202,20.5,25.0,3734.2,261.9,Aphylion,12.31,33
203,20.5,25.0,3734.2,261.9,Aphylion,12.31,33
204,20.5,25.0,3734.2,261.9,Aphylion,12.31,33
205,20.1,25.3,2979.7,162.9,Aphylion,8.15,34
206,20.1,25.3,2979.7,162.9,Aphylion,8.15,34
207,20.1,25.3,2979.7,162.9,Aphylion,8.15,34
208,20.1,25.3,2979.7,162.9,Aphylion,8.15,34
209,20.1,25.3,2979.7,162.9,Aphylion,8.15,34
210,20.1,25.3,2979.7,162.9,Aphylion,8.15,34
211,20.5,30.2,3261.9,223.2,Aphylion,10.32,35
212,20.5,30.2,3261.9,223.2,Aphylion,10.32,35
213,20.5,30.2,3261.9,223.2,Aphylion,10.32,35
214,20.5,30.2,3261.9,223.2,Aphylion,10.32,35
215,20.5,30.2,3261.9,223.2,Aphylion,10.32,35
216,20.5,30.2,3261.9,223.2,Aphylion,10.32,35
217,22.0,34.0,3698.7,245.6,Aphylion,9.59,36
218,22.0,34.0,3698.7,245.6,Aphylion,9.59,36
219,22.0,34.0,3698.7,245.6,Aphylion,9.59,36
220,22.0,34.0,3698.7,245.6,Aphylion,9.59,36
221,22.0,34.0,3698.7,245.6,Aphylion,9.59,36
222,22.0,34.0,3698.7,245.6,Aphylion,9.59,36
223,20.0,29.3,2395.0,156.0,Aphylion,6.47,37
224,20.0,29.3,2395.0,156.0,Aphylion,6.47,37
225,20.0,29.3,2395.0,156.0,Aphylion,6.47,37
226,20.0,29.3,2395.0,156.0,Aphylion,6.47,37
227,20.0,29.3,2395.0,156.0,Aphylion,6.47,37
228,20.0,29.3,2395.0,156.0,Aphylion,6.47,37
229,20.1,29.8,3805.5,208.8,Aphylion,9.98,38
230,20.1,29.8,3805.5,208.8,Aphylion,9.98,38
231,20.1,29.8,3805.5,208.8,Aphylion,9.98,38
232,20.1,29.8,3805.5,208.8,Aphylion,9.98,38
233,20.1,29.8,3805.5,208.8,Aphylion,9.98,38
234,20.1,29.8,3805.5,208.8,Aphylion,9.98,38
235,22.5,27.5,3537.2,229.8,Aphylion,9.75,39
236,22.5,27.5,3537.2,229.8,Aphylion,9.75,39
237,22.5,27.5,3537.2,229.8,Aphylion,9.75,39
238,22.5,27.5,3537.2,229.8,Aphylion,9.75,39
239,22.5,27.5,3537.2,229.8,Aphylion,9.75,39
240,22.5,27.5,3537.2,229.8,Aphylion,9.75,39
241,21.5,30.0,4073.6,303.1,Aphylion,12.62,40
242,21.5,30.0,4073.6,303.1,Aphylion,12.62,40
243,21.5,30.0,4073.6,303.1,Aphylion,12.62,40
244,21.5,30.0,4073.6,303.1,Aphylion,12.62,40
245,21.5,30.0,4073.6,303.1,Aphylion,12.62,40
246,21.5,30.0,4073.6,303.1,Aphylion,12.62,40
247,23.1,27.2,4606.6,263.2,Aphylion,12.17,41
248,23.1,27.2,4606.6,263.2,Aphylion,12.17,41
249,23.1,27.2,4606.6,263.2,Aphylion,12.17,41
250,23.1,27.2,4606.6,263.2,Aphylion,12.17,41
251,23.1,27.2,4606.6,263.2,Aphylion,12.17,41
252,23.1,27.2,4606.6,263.2,Aphylion,12.17,41
253,25.0,32.0,5316.5,459.7,Aphylion,16.64,42
254,25.0,32.0,5316.5,459.7,Aphylion,16.64,42
255,25.0,32.0,5316.5,459.7,Aphylion,16.64,42
256,25.0,32.0,5316.5,459.7,Aphylion,16.64,42
257,25.0,32.0,5316.5,459.7,Aphylion,16.64,42
258,25.0,32.0,5316.5,459.7,Aphylion,16.64,42
259,24.5,33.0,4516.2,364.8,Aphylion,14.69,43
260,24.5,33.0,4516.2,364.8,Aphylion,14.69,43
261,24.5,33.0,4516.2,364.8,Aphylion,14.69,43
262,24.5,33.0,4516.2,364.8,Aphylion,14.69,43
263,24.5,33.0,4516.2,364.8,Aphylion,14.69,43
264,24.5,33.0,4516.2,364.8,Aphylion,14.69,43
265,24.0,34.5,4995.6,444.7,Aphylion,17.24,44
266,24.0,34.5,4995.6,444.7,Aphylion,17.24,44
267,24.0,34.5,4995.6,444.7,Aphylion,17.24,44
268,24.0,34.5,4995.6,444.7,Aphylion,17.24,44
269,24.0,34.5,4995.6,444.7,Aphylion,17.24,44
270,24.0,34.5,4995.6,444.7,Aphylion,17.24,44
277,22.0,40.0,4891.7,414.2,Aphylion,18.21,46
278,22.0,40.0,4891.7,414.2,Aphylion,18.21,46
279,22.0,40.0,4891.7,414.2,Aphylion,18.21,46
280,22.0,40.0,4891.7,414.2,Aphylion,18.21,46
281,22.0,40.0,4891.7,414.2,Aphylion,18.21,46
282,22.0,40.0,4891.7,414.2,Aphylion,18.21,46
283,22.0,33.2,5218.3,268.9,Aphylion,11.77,47
284,22.0,33.2,5218.3,268.9,Aphylion,11.77,47
285,22.0,33.2,5218.3,268.9,Aphylion,11.77,47
286,22.0,33.2,5218.3,268.9,Aphylion,11.77,47
287,22.0,33.2,5218.3,268.9,Aphylion,11.77,47
288,22.0,33.2,5218.3,268.9,Aphylion,11.77,47
289,21.0,34.5,6875.4,313.1,Aphylion,14.15,48
290,21.0,34.5,6875.4,313.1,Aphylion,14.15,48
291,21.0,34.5,6875.4,313.1,Aphylion,14.15,48
292,21.0,34.5,6875.4,313.1,Aphylion,14.15,48
293,21.0,34.5,6875.4,313.1,Aphylion,14.15,48
294,21.0,34.5,6875.4,313.1,Aphylion,14.15,48
295,21.0,30.0,3398.0,247.1,Aphylion,13.42,49
296,21.0,30.0,3398.0,247.1,Aphylion,13.42,49
297,21.0,30.0,3398.0,247.1,Aphylion,13.42,49
298,21.0,30.0,3398.0,247.1,Aphylion,13.42,49
299,21.0,30.0,3398.0,247.1,Aphylion,13.42,49
300,21.0,30.0,3398.0,247.1,Aphylion,13.42,49
301,18.0,32.5,4260.7,314.0,Aphylion,15.84,50
302,18.0,32.5,4260.7,314.0,Aphylion,15.84,50
303,18.0,32.5,4260.7,314.0,Aphylion,15.84,50
304,18.0,32.5,4260.7,314.0,Aphylion,15.84,50
305,18.0,32.5,4260.7,314.0,Aphylion,15.84,50
306,18.0,32.5,4260.7,314.0,Aphylion,15.84,50
307,19.5,34.0,5136.8,309.1,Aphylion,13.61,51
308,19.5,34.0,5136.8,309.1,Aphylion,13.61,51
309,19.5,34.0,5136.8,309.1,Aphylion,13.61,51
310,19.5,34.0,5136.8,309.1,Aphylion,13.61,51
311,19.5,34.0,5136.8,309.1,Aphylion,13.61,51
312,19.5,34.0,5136.8,309.1,Aphylion,13.61,51
313,20.5,37.0,5868.0,371.0,Aphylion,15.41,52
314,20.5,37.0,5868.0,371.0,Aphylion,15.41,52
315,20.5,37.0,5868.0,371.0,Aphylion,15.41,52
316,20.5,37.0,5868.0,371.0,Aphylion,15.41,52
317,20.5,37.0,5868.0,371.0,Aphylion,15.41,52
318,20.5,37.0,5868.0,371.0,Aphylion,15.41,52
319,22.0,32.0,4991.0,292.4,Aphylion,14.07,53
320,22.0,32.0,4991.0,292.4,Aphylion,14.07,53
321,22.0,32.0,4991.0,292.4,Aphylion,14.07,53
322,22.0,32.0,4991.0,292.4,Aphylion,14.07,53
323,22.0,32.0,4991.0,292.4,Aphylion,14.07,53
324,22.0,32.0,4991.0,292.4,Aphylion,14.07,53
325,23.0,40.0,5116.4,405.7,Aphylion,16.71,54
326,23.0,40.0,5116.4,405.7,Aphylion,16.71,54
327,23.0,40.0,5116.4,405.7,Aphylion,16.71,54
328,23.0,40.0,5116.4,405.7,Aphylion,16.71,54
329,23.0,40.0,5116.4,405.7,Aphylion,16.71,54
330,23.0,40.0,5116.4,405.7,Aphylion,16.71,54
331,8.4,13.4,107.8,3.3,Lugano,0.14,55
332,8.4,13.4,107.8,3.3,Lugano,0.14,55
333,8.4,13.4,107.8,3.3,Lugano,0.14,55
334,8.4,13.4,107.8,3.3,Lugano,0.14,55
335,8.4,13.4,107.8,3.3,Lugano,0.14,55
336,8.4,13.4,107.8,3.3,Lugano,0.14,55
337,8.3,12.2,79.8,2.5,Lugano,0.1,56
338,8.3,12.2,79.8,2.5,Lugano,0.1,56
339,8.3,12.2,79.8,2.5,Lugano,0.1,56
340,8.3,12.2,79.8,2.5,Lugano,0.1,56
341,8.3,12.2,79.8,2.5,Lugano,0.1,56
342,8.3,12.2,79.8,2.5,Lugano,0.1,56
343,4.3,9.8,72.2,2.5,Lugano,0.1,57
344,4.3,9.8,72.2,2.5,Lugano,0.1,57
345,4.3,9.8,72.2,2.5,Lugano,0.1,57
346,4.3,9.8,72.2,2.5,Lugano,0.1,57
347,4.3,9.8,72.2,2.5,Lugano,0.1,57
348,4.3,9.8,72.2,2.5,Lugano,0.1,57
349,8.5,13.0,127.4,4.5,Lugano,0.4,58
350,8.5,13.0,127.4,4.5,Lugano,0.4,58
351,8.5,13.0,127.4,4.5,Lugano,0.4,58
352,8.5,13.0,127.4,4.5,Lugano,0.4,58
353,8.5,13.0,127.4,4.5,Lugano,0.4,58
354,8.5,13.0,127.4,4.5,Lugano,0.4,58
355,7.9,13.0,178.0,7.8,Lugano,0.7,59
356,7.9,13.0,178.0,7.8,Lugano,0.7,59
357,7.9,13.0,178.0,7.8,Lugano,0.7,59
358,7.9,13.0,178.0,7.8,Lugano,0.7,59
359,7.9,13.0,178.0,7.8,Lugano,0.7,59
360,7.9,13.0,178.0,7.8,Lugano,0.7,59
367,6.5,15.8,164.8,6.1,Lugano,0.55,61
368,6.5,15.8,164.8,6.1,Lugano,0.55,61
369,6.5,15.8,164.8,6.1,Lugano,0.55,61
370,6.5,15.8,164.8,6.1,Lugano,0.55,61
371,6.5,15.8,164.8,6.1,Lugano,0.55,61
372,6.5,15.8,164.8,6.1,Lugano,0.55,61
373,9.0,11.0,153.9,5.5,Lugano,0.42,62
374,9.0,11.0,153.9,5.5,Lugano,0.42,62
375,9.0,11.0,153.9,5.5,Lugano,0.42,62
376,9.0,11.0,153.9,5.5,Lugano,0.42,62
377,9.0,11.0,153.9,5.5,Lugano,0.42,62
378,9.0,11.0,153.9,5.5,Lugano,0.42,62
379,8.0,13.0,202.4,8.3,Lugano,0.63,63
380,8.0,13.0,202.4,8.3,Lugano,0.63,63
381,8.0,13.0,202.4,8.3,Lugano,0.63,63
382,8.0,13.0,202.4,8.3,Lugano,0.63,63
383,8.0,13.0,202.4,8.3,Lugano,0.63,63
384,8.0,13.0,202.4,8.3,Lugano,0.63,63
385,6.0,14.0,177.6,7.4,Lugano,0.63,64
386,6.0,14.0,177.6,7.4,Lugano,0.63,64
387,6.0,14.0,177.6,7.4,Lugano,0.63,64
388,6.0,14.0,177.6,7.4,Lugano,0.63,64
389,6.0,14.0,177.6,7.4,Lugano,0.63,64
390,6.0,14.0,177.6,7.4,Lugano,0.63,64
391,6.1,17.8,472.1,23.2,Lugano,1.75,65
392,6.1,17.8,472.1,23.2,Lugano,1.75,65
393,6.1,17.8,472.1,23.2,Lugano,1.75,65
394,6.1,17.8,472.1,23.2,Lugano,1.75,65
395,6.1,17.8,472.1,23.2,Lugano,1.75,65
396,6.1,17.8,472.1,23.2,Lugano,1.75,65
403,6.2,16.5,469.6,22.8,Lugano,1.54,67
404,6.2,16.5,469.6,22.8,Lugano,1.54,67
405,6.2,16.5,469.6,22.8,Lugano,1.54,67
406,6.2,16.5,469.6,22.8,Lugano,1.54,67
407,6.2,16.5,469.6,22.8,Lugano,1.54,67
408,6.2,16.5,469.6,22.8,Lugano,1.54,67
409,6.5,16.2,596.8,29.5,Lugano,2.04,68
410,6.5,16.2,596.8,29.5,Lugano,2.04,68
411,6.5,16.2,596.8,29.5,Lugano,2.04,68
412,6.5,16.2,596.8,29.5,Lugano,2.04,68
413,6.5,16.2,596.8,29.5,Lugano,2.04,68
414,6.5,16.2,596.8,29.5,Lugano,2.04,68
415,7.4,21.0,599.6,30.6,Lugano,2.36,69
416,7.4,21.0,599.6,30.6,Lugano,2.36,69
417,7.4,21.0,599.6,30.6,Lugano,2.36,69
418,7.4,21.0,599.6,30.6,Lugano,2.36,69
419,7.4,21.0,599.6,30.6,Lugano,2.36,69
420,7.4,21.0,599.6,30.6,Lugano,2.36,69
421,9.3,18.0,638.0,31.0,Lugano,1.68,70
422,9.3,18.0,638.0,31.0,Lugano,1.68,70
423,9.3,18.0,638.0,31.0,Lugano,1.68,70
424,9.3,18.0,638.0,31.0,Lugano,1.68,70
425,9.3,18.0,638.0,31.0,Lugano,1.68,70
426,9.3,18.0,638.0,31.0,Lugano,1.68,70
427,7.0,17.0,583.2,29.9,Lugano,2.24,71
428,7.0,17.0,583.2,29.9,Lugano,2.24,71
429,7.0,17.0,583.2,29.9,Lugano,2.24,71
430,7.0,17.0,583.2,29.9,Lugano,2.24,71
431,7.0,17.0,583.2,29.9,Lugano,2.24,71
432,7.0,17.0,583.2,29.9,Lugano,2.24,71
433,8.8,20.2,582.3,30.3,Lugano,1.92,72
434,8.8,20.2,582.3,30.3,Lugano,1.92,72
435,8.8,20.2,582.3,30.3,Lugano,1.92,72
436,8.8,20.2,582.3,30.3,Lugano,1.92,72
437,8.8,20.2,582.3,30.3,Lugano,1.92,72
438,8.8,20.2,582.3,30.3,Lugano,1.92,72
445,8.2,18.0,642.5,34.6,Lugano,2.13,74
446,8.2,18.0,642.5,34.6,Lugano,2.13,74
447,8.2,18.0,642.5,34.6,Lugano,2.13,74
448,8.2,18.0,642.5,34.6,Lugano,2.13,74
449,8.2,18.0,642.5,34.6,Lugano,2.13,74
450,8.2,18.0,642.5,34.6,Lugano,2.13,74
451,10.8,20.6,1777.8,85.1,Lugano,3.62,75
452,10.8,20.6,1777.8,85.1,Lugano,3.62,75
453,10.8,20.6,1777.8,85.1,Lugano,3.62,75
454,10.8,20.6,1777.8,85.1,Lugano,3.62,75
455,10.8,20.6,1777.8,85.1,Lugano,3.62,75
456,10.8,20.6,1777.8,85.1,Lugano,3.62,75
457,9.3,23.2,1228.3,75.9,Lugano,4.17,76
458,9.3,23.2,1228.3,75.9,Lugano,4.17,76
459,9.3,23.2,1228.3,75.9,Lugano,4.17,76
460,9.3,23.2,1228.3,75.9,Lugano,4.17,76
461,9.3,23.2,1228.3,75.9,Lugano,4.17,76
462,9.3,23.2,1228.3,75.9,Lugano,4.17,76
463,10.6,19.4,1062.9,66.9,Lugano,3.25,77
464,10.6,19.4,1062.9,66.9,Lugano,3.25,77
465,10.6,19.4,1062.9,66.9,Lugano,3.25,77
466,10.6,19.4,1062.9,66.9,Lugano,3.25,77
467,10.6,19.4,1062.9,66.9,Lugano,3.25,77
468,10.6,19.4,1062.9,66.9,Lugano,3.25,77
469,9.8,15.2,502.0,25.8,Lugano,1.61,78
470,9.8,15.2,502.0,25.8,Lugano,1.61,78
471,9.8,15.2,502.0,25.8,Lugano,1.61,78
472,9.8,15.2,502.0,25.8,Lugano,1.61,78
473,9.8,15.2,502.0,25.8,Lugano,1.61,78
474,9.8,15.2,502.0,25.8,Lugano,1.61,78
475,10.1,16.5,685.5,35.0,Lugano,1.99,79
476,10.1,16.5,685.5,35.0,Lugano,1.99,79
477,10.1,16.5,685.5,35.0,Lugano,1.99,79
478,10.1,16.5,685.5,35.0,Lugano,1.99,79
479,10.1,16.5,685.5,35.0,Lugano,1.99,79
480,10.1,16.5,685.5,35.0,Lugano,1.99,79
481,8.9,16.5,553.8,32.1,Lugano,1.95,80
482,8.9,16.5,553.8,32.1,Lugano,1.95,80
483,8.9,16.5,553.8,32.1,Lugano,1.95,80
484,8.9,16.5,553.8,32.1,Lugano,1.95,80
485,8.9,16.5,553.8,32.1,Lugano,1.95,80
486,8.9,16.5,553.8,32.1,Lugano,1.95,80
487,11.6,19.0,960.6,60.9,Lugano,2.83,81
488,11.6,19.0,960.6,60.9,Lugano,2.83,81
489,11.6,19.0,960.6,60.9,Lugano,2.83,81
490,11.6,19.0,960.6,60.9,Lugano,2.83,81
491,11.6,19.0,960.6,60.9,Lugano,2.83,81
492,11.6,19.0,960.6,60.9,Lugano,2.83,81
499,11.5,19.5,1143.7,73.2,Lugano,3.74,83
500,11.5,19.5,1143.7,73.2,Lugano,3.74,83
501,11.5,19.5,1143.7,73.2,Lugano,3.74,83
502,11.5,19.5,1143.7,73.2,Lugano,3.74,83
503,11.5,19.5,1143.7,73.2,Lugano,3.74,83
504,11.5,19.5,1143.7,73.2,Lugano,3.74,83
511,12.0,20.0,1512.2,113.0,Lugano,5.37,85
512,12.0,20.0,1512.2,113.0,Lugano,5.37,85
513,12.0,20.0,1512.2,113.0,Lugano,5.37,85
514,12.0,20.0,1512.2,113.0,Lugano,5.37,85
515,12.0,20.0,1512.2,113.0,Lugano,5.37,85
516,12.0,20.0,1512.2,113.0,Lugano,5.37,85
517,11.0,19.0,1115.6,78.0,Lugano,3.85,86
518,11.0,19.0,1115.6,78.0,Lugano,3.85,86
519,11.0,19.0,1115.6,78.0,Lugano,3.85,86
520,11.0,19.0,1115.6,78.0,Lugano,3.85,86
521,11.0,19.0,1115.6,78.0,Lugano,3.85,86
522,11.0,19.0,1115.6,78.0,Lugano,3.85,86
523,12.0,21.0,2110.5,127.0,Lugano,6.3,87
524,12.0,21.0,2110.5,127.0,Lugano,6.3,87
525,12.0,21.0,2110.5,127.0,Lugano,6.3,87
526,12.0,21.0,2110.5,127.0,Lugano,6.3,87
527,12.0,21.0,2110.5,127.0,Lugano,6.3,87
528,12.0,21.0,2110.5,127.0,Lugano,6.3,87
529,14.0,18.0,1988.0,88.0,Lugano,4.42,88
530,14.0,18.0,1988.0,88.0,Lugano,4.42,88
531,14.0,18.0,1988.0,88.0,Lugano,4.42,88
532,14.0,18.0,1988.0,88.0,Lugano,4.42,88
533,14.0,18.0,1988.0,88.0,Lugano,4.42,88
534,14.0,18.0,1988.0,88.0,Lugano,4.42,88
535,11.0,22.0,1614.9,112.0,Lugano,5.76,89
536,11.0,22.0,1614.9,112.0,Lugano,5.76,89
537,11.0,22.0,1614.9,112.0,Lugano,5.76,89
538,11.0,22.0,1614.9,112.0,Lugano,5.76,89
539,11.0,22.0,1614.9,112.0,Lugano,5.76,89
540,11.0,22.0,1614.9,112.0,Lugano,5.76,89
541,12.0,24.0,2253.3,135.0,Lugano,6.33,90
542,12.0,24.0,2253.3,135.0,Lugano,6.33,90
543,12.0,24.0,2253.3,135.0,Lugano,6.33,90
544,12.0,24.0,2253.3,135.0,Lugano,6.33,90
545,12.0,24.0,2253.3,135.0,Lugano,6.33,90
546,12.0,24.0,2253.3,135.0,Lugano,6.33,90
547,13.0,22.0,2063.3,141.0,Lugano,6.42,91
548,13.0,22.0,2063.3,141.0,Lugano,6.42,91
549,13.0,22.0,2063.3,141.0,Lugano,6.42,91
550,13.0,22.0,2063.3,141.0,Lugano,6.42,91
551,13.0,22.0,2063.3,141.0,Lugano,6.42,91
552,13.0,22.0,2063.3,141.0,Lugano,6.42,91
553,16.0,25.0,2705.0,240.0,Lugano,9.48,92
554,16.0,25.0,2705.0,240.0,Lugano,9.48,92
555,16.0,25.0,2705.0,240.0,Lugano,9.48,92
556,16.0,25.0,2705.0,240.0,Lugano,9.48,92
557,16.0,25.0,2705.0,240.0,Lugano,9.48,92
558,16.0,25.0,2705.0,240.0,Lugano,9.48,92
565,16.4,24.0,2715.4,193.1,Lugano,9.31,94
566,16.4,24.0,2715.4,193.1,Lugano,9.31,94
567,16.4,24.0,2715.4,193.1,Lugano,9.31,94
568,16.4,24.0,2715.4,193.1,Lugano,9.31,94
569,16.4,24.0,2715.4,193.1,Lugano,9.31,94
570,16.4,24.0,2715.4,193.1,Lugano,9.31,94
571,17.0,20.0,2612.8,179.9,Lugano,6.6,95
572,17.0,20.0,2612.8,179.9,Lugano,6.6,95
573,17.0,20.0,2612.8,179.9,Lugano,6.6,95
574,17.0,20.0,2612.8,179.9,Lugano,6.6,95
575,17.0,20.0,2612.8,179.9,Lugano,6.6,95
576,17.0,20.0,2612.8,179.9,Lugano,6.6,95
583,14.8,23.1,3278.3,173.6,Lugano,7.54,97
584,14.8,23.1,3278.3,173.6,Lugano,7.54,97
585,14.8,23.1,3278.3,173.6,Lugano,7.54,97
586,14.8,23.1,3278.3,173.6,Lugano,7.54,97
587,14.8,23.1,3278.3,173.6,Lugano,7.54,97
588,14.8,23.1,3278.3,173.6,Lugano,7.54,97
589,17.0,24.0,3319.3,318.4,Lugano,12.65,98
590,17.0,24.0,3319.3,318.4,Lugano,12.65,98
591,17.0,24.0,3319.3,318.4,Lugano,12.65,98
592,17.0,24.0,3319.3,318.4,Lugano,12.65,98
593,17.0,24.0,3319.3,318.4,Lugano,12.65,98
594,17.0,24.0,3319.3,318.4,Lugano,12.65,98
595,18.0,27.5,3143.7,320.1,Lugano,11.84,99
596,18.0,27.5,3143.7,320.1,Lugano,11.84,99
597,18.0,27.5,3143.7,320.1,Lugano,11.84,99
598,18.0,27.5,3143.7,320.1,Lugano,11.84,99
599,18.0,27.5,3143.7,320.1,Lugano,11.84,99
600,18.0,27.5,3143.7,320.1,Lugano,11.84,99
601,17.0,26.0,3065.1,318.4,Lugano,12.66,100
602,17.0,26.0,3065.1,318.4,Lugano,12.66,100
603,17.0,26.0,3065.1,318.4,Lugano,12.66,100
604,17.0,26.0,3065.1,318.4,Lugano,12.66,100
605,17.0,26.0,3065.1,318.4,Lugano,12.66,100
606,17.0,26.0,3065.1,318.4,Lugano,12.66,100
613,16.0,27.0,2741.1,282.8,Lugano,10.67,102
614,16.0,27.0,2741.1,282.8,Lugano,10.67,102
615,16.0,27.0,2741.1,282.8,Lugano,10.67,102
616,16.0,27.0,2741.1,282.8,Lugano,10.67,102
617,16.0,27.0,2741.1,282.8,Lugano,10.67,102
618,16.0,27.0,2741.1,282.8,Lugano,10.67,102
619,17.0,26.0,2476.6,221.5,Lugano,8.29,103
620,17.0,26.0,2476.6,221.5,Lugano,8.29,103
621,17.0,26.0,2476.6,221.5,Lugano,8.29,103
622,17.0,26.0,2476.6,221.5,Lugano,8.29,103
623,17.0,26.0,2476.6,221.5,Lugano,8.29,103
624,17.0,26.0,2476.6,221.5,Lugano,8.29,103
631,15.0,30.0,5069.1,315.8,Lugano,12.95,105
632,15.0,30.0,5069.1,315.8,Lugano,12.95,105
633,15.0,30.0,5069.1,315.8,Lugano,12.95,105
634,15.0,30.0,5069.1,315.8,Lugano,12.95,105
635,15.0,30.0,5069.1,315.8,Lugano,12.95,105
636,15.0,30.0,5069.1,315.8,Lugano,12.95,105
637,15.0,29.0,3646.3,300.0,Lugano,11.24,106
638,15.0,29.0,3646.3,300.0,Lugano,11.24,106
639,15.0,29.0,3646.3,300.0,Lugano,11.24,106
640,15.0,29.0,3646.3,300.0,Lugano,11.24,106
641,15.0,29.0,3646.3,300.0,Lugano,11.24,106
642,15.0,29.0,3646.3,300.0,Lugano,11.24,106
643,16.5,29.0,3095.6,284.4,Lugano,9.44,107
644,16.5,29.0,3095.6,284.4,Lugano,9.44,107
645,16.5,29.0,3095.6,284.4,Lugano,9.44,107
646,16.5,29.0,3095.6,284.4,Lugano,9.44,107
647,16.5,29.0,3095.6,284.4,Lugano,9.44,107
648,16.5,29.0,3095.6,284.4,Lugano,9.44,107
655,16.5,29.0,4062.0,392.0,Lugano,12.68,109
656,16.5,29.0,4062.0,392.0,Lugano,12.68,109
657,16.5,29.0,4062.0,392.0,Lugano,12.68,109
658,16.5,29.0,4062.0,392.0,Lugano,12.68,109
659,16.5,29.0,4062.0,392.0,Lugano,12.68,109
660,16.5,29.0,4062.0,392.0,Lugano,12.68,109
661,18.0,27.0,3208.4,311.0,Lugano,10.89,110
662,18.0,27.0,3208.4,311.0,Lugano,10.89,110
663,18.0,27.0,3208.4,311.0,Lugano,10.89,110
664,18.0,27.0,3208.4,311.0,Lugano,10.89,110
665,18.0,27.0,3208.4,311.0,Lugano,10.89,110
666,18.0,27.0,3208.4,311.0,Lugano,10.89,110
667,17.0,26.0,3571.3,355.4,Lugano,12.36,111
668,17.0,26.0,3571.3,355.4,Lugano,12.36,111
669,17.0,26.0,3571.3,355.4,Lugano,12.36,111
670,17.0,26.0,3571.3,355.4,Lugano,12.36,111
671,17.0,26.0,3571.3,355.4,Lugano,12.36,111
672,17.0,26.0,3571.3,355.4,Lugano,12.36,111
685,7.7,20.0,260.2,7.3,Salanova,0.88,114
686,7.7,20.0,260.2,7.3,Salanova,0.88,114
687,7.7,20.0,260.2,7.3,Salanova,0.88,114
688,7.7,20.0,260.2,7.3,Salanova,0.88,114
689,7.7,20.0,260.2,7.3,Salanova,0.88,114
690,7.7,20.0,260.2,7.3,Salanova,0.88,114
691,6.5,18.6,161.8,4.5,Salanova,0.6,115
692,6.5,18.6,161.8,4.5,Salanova,0.6,115
693,6.5,18.6,161.8,4.5,Salanova,0.6,115
694,6.5,18.6,161.8,4.5,Salanova,0.6,115
695,6.5,18.6,161.8,4.5,Salanova,0.6,115
696,6.5,18.6,161.8,4.5,Salanova,0.6,115
697,7.0,19.5,188.8,5.5,Salanova,0.65,116
698,7.0,19.5,188.8,5.5,Salanova,0.65,116
699,7.0,19.5,188.8,5.5,Salanova,0.65,116
700,7.0,19.5,188.8,5.5,Salanova,0.65,116
701,7.0,19.5,188.8,5.5,Salanova,0.65,116
702,7.0,19.5,188.8,5.5,Salanova,0.65,116
703,7.5,19.4,242.7,7.4,Salanova,0.64,117
704,7.5,19.4,242.7,7.4,Salanova,0.64,117
705,7.5,19.4,242.7,7.4,Salanova,0.64,117
706,7.5,19.4,242.7,7.4,Salanova,0.64,117
707,7.5,19.4,242.7,7.4,Salanova,0.64,117
708,7.5,19.4,242.7,7.4,Salanova,0.64,117
721,8.6,17.2,140.8,3.9,Salanova,0.46,120
722,8.6,17.2,140.8,3.9,Salanova,0.46,120
723,8.6,17.2,140.8,3.9,Salanova,0.46,120
724,8.6,17.2,140.8,3.9,Salanova,0.46,120
725,8.6,17.2,140.8,3.9,Salanova,0.46,120
726,8.6,17.2,140.8,3.9,Salanova,0.46,120
727,6.8,18.5,520.1,16.4,Salanova,1.22,121
728,6.8,18.5,520.1,16.4,Salanova,1.22,121
729,6.8,18.5,520.1,16.4,Salanova,1.22,121
730,6.8,18.5,520.1,16.4,Salanova,1.22,121
731,6.8,18.5,520.1,16.4,Salanova,1.22,121
732,6.8,18.5,520.1,16.4,Salanova,1.22,121
733,5.4,17.4,412.3,12.5,Salanova,1.01,122
734,5.4,17.4,412.3,12.5,Salanova,1.01,122
735,5.4,17.4,412.3,12.5,Salanova,1.01,122
736,5.4,17.4,412.3,12.5,Salanova,1.01,122
737,5.4,17.4,412.3,12.5,Salanova,1.01,122
738,5.4,17.4,412.3,12.5,Salanova,1.01,122
739,7.3,22.1,578.5,18.8,Salanova,1.31,123
740,7.3,22.1,578.5,18.8,Salanova,1.31,123
741,7.3,22.1,578.5,18.8,Salanova,1.31,123
742,7.3,22.1,578.5,18.8,Salanova,1.31,123
743,7.3,22.1,578.5,18.8,Salanova,1.31,123
744,7.3,22.1,578.5,18.8,Salanova,1.31,123
745,5.7,21.5,620.8,21.1,Salanova,1.76,124
746,5.7,21.5,620.8,21.1,Salanova,1.76,124
747,5.7,21.5,620.8,21.1,Salanova,1.76,124
748,5.7,21.5,620.8,21.1,Salanova,1.76,124
749,5.7,21.5,620.8,21.1,Salanova,1.76,124
750,5.7,21.5,620.8,21.1,Salanova,1.76,124
769,7.8,17.0,330.6,10.3,Salanova,0.93,128
770,7.8,17.0,330.6,10.3,Salanova,0.93,128
771,7.8,17.0,330.6,10.3,Salanova,0.93,128
772,7.8,17.0,330.6,10.3,Salanova,0.93,128
773,7.8,17.0,330.6,10.3,Salanova,0.93,128
774,7.8,17.0,330.6,10.3,Salanova,0.93,128
775,6.5,24.5,773.2,27.3,Salanova,1.91,129
776,6.5,24.5,773.2,27.3,Salanova,1.91,129
777,6.5,24.5,773.2,27.3,Salanova,1.91,129
778,6.5,24.5,773.2,27.3,Salanova,1.91,129
779,6.5,24.5,773.2,27.3,Salanova,1.91,129
780,6.5,24.5,773.2,27.3,Salanova,1.91,129
781,11.3,24.2,1721.5,63.2,Salanova,3.75,130
782,11.3,24.2,1721.5,63.2,Salanova,3.75,130
783,11.3,24.2,1721.5,63.2,Salanova,3.75,130
784,11.3,24.2,1721.5,63.2,Salanova,3.75,130
785,11.3,24.2,1721.5,63.2,Salanova,3.75,130
786,11.3,24.2,1721.5,63.2,Salanova,3.75,130
787,11.0,23.1,928.8,33.5,Salanova,2.11,131
788,11.0,23.1,928.8,33.5,Salanova,2.11,131
789,11.0,23.1,928.8,33.5,Salanova,2.11,131
790,11.0,23.1,928.8,33.5,Salanova,2.11,131
791,11.0,23.1,928.8,33.5,Salanova,2.11,131
792,11.0,23.1,928.8,33.5,Salanova,2.11,131
793,11.3,27.2,1466.6,55.2,Salanova,3.09,132
794,11.3,27.2,1466.6,55.2,Salanova,3.09,132
795,11.3,27.2,1466.6,55.2,Salanova,3.09,132
796,11.3,27.2,1466.6,55.2,Salanova,3.09,132
797,11.3,27.2,1466.6,55.2,Salanova,3.09,132
798,11.3,27.2,1466.6,55.2,Salanova,3.09,132
799,11.3,28.5,1866.7,73.5,Salanova,3.86,133
800,11.3,28.5,1866.7,73.5,Salanova,3.86,133
801,11.3,28.5,1866.7,73.5,Salanova,3.86,133
802,11.3,28.5,1866.7,73.5,Salanova,3.86,133
803,11.3,28.5,1866.7,73.5,Salanova,3.86,133
804,11.3,28.5,1866.7,73.5,Salanova,3.86,133
805,12.5,24.5,1554.8,56.0,Salanova,2.96,134
806,12.5,24.5,1554.8,56.0,Salanova,2.96,134
807,12.5,24.5,1554.8,56.0,Salanova,2.96,134
808,12.5,24.5,1554.8,56.0,Salanova,2.96,134
809,12.5,24.5,1554.8,56.0,Salanova,2.96,134
810,12.5,24.5,1554.8,56.0,Salanova,2.96,134
811,12.1,24.6,1674.7,60.3,Salanova,3.38,135
812,12.1,24.6,1674.7,60.3,Salanova,3.38,135
813,12.1,24.6,1674.7,60.3,Salanova,3.38,135
814,12.1,24.6,1674.7,60.3,Salanova,3.38,135
815,12.1,24.6,1674.7,60.3,Salanova,3.38,135
816,12.1,24.6,1674.7,60.3,Salanova,3.38,135
817,13.1,25.0,1115.5,47.2,Salanova,2.41,136
818,13.1,25.0,1115.5,47.2,Salanova,2.41,136
819,13.1,25.0,1115.5,47.2,Salanova,2.41,136
820,13.1,25.0,1115.5,47.2,Salanova,2.41,136
821,13.1,25.0,1115.5,47.2,Salanova,2.41,136
822,13.1,25.0,1115.5,47.2,Salanova,2.41,136
829,12.5,27.1,1769.8,60.4,Salanova,3.71,138
830,12.5,27.1,1769.8,60.4,Salanova,3.71,138
831,12.5,27.1,1769.8,60.4,Salanova,3.71,138
832,12.5,27.1,1769.8,60.4,Salanova,3.71,138
833,12.5,27.1,1769.8,60.4,Salanova,3.71,138
834,12.5,27.1,1769.8,60.4,Salanova,3.71,138
835,9.8,25.3,1451.8,57.6,Salanova,0.36,139
836,9.8,25.3,1451.8,57.6,Salanova,0.36,139
837,9.8,25.3,1451.8,57.6,Salanova,0.36,139
838,9.8,25.3,1451.8,57.6,Salanova,0.36,139
839,9.8,25.3,1451.8,57.6,Salanova,0.36,139
840,9.8,25.3,1451.8,57.6,Salanova,0.36,139
841,10.0,23.0,1445.9,55.0,Salanova,3.88,140
842,10.0,23.0,1445.9,55.0,Salanova,3.88,140
843,10.0,23.0,1445.9,55.0,Salanova,3.88,140
844,10.0,23.0,1445.9,55.0,Salanova,3.88,140
845,10.0,23.0,1445.9,55.0,Salanova,3.88,140
846,10.0,23.0,1445.9,55.0,Salanova,3.88,140
847,12.0,25.0,1568.2,64.0,Salanova,4.04,141
848,12.0,25.0,1568.2,64.0,Salanova,4.04,141
849,12.0,25.0,1568.2,64.0,Salanova,4.04,141
850,12.0,25.0,1568.2,64.0,Salanova,4.04,141
851,12.0,25.0,1568.2,64.0,Salanova,4.04,141
852,12.0,25.0,1568.2,64.0,Salanova,4.04,141
853,8.0,23.0,1822.1,60.0,Salanova,3.79,142
854,8.0,23.0,1822.1,60.0,Salanova,3.79,142
855,8.0,23.0,1822.1,60.0,Salanova,3.79,142
856,8.0,23.0,1822.1,60.0,Salanova,3.79,142
857,8.0,23.0,1822.1,60.0,Salanova,3.79,142
858,8.0,23.0,1822.1,60.0,Salanova,3.79,142
871,10.0,24.0,1928.0,74.0,Salanova,4.41,145
872,10.0,24.0,1928.0,74.0,Salanova,4.41,145
873,10.0,24.0,1928.0,74.0,Salanova,4.41,145
874,10.0,24.0,1928.0,74.0,Salanova,4.41,145
875,10.0,24.0,1928.0,74.0,Salanova,4.41,145
876,10.0,24.0,1928.0,74.0,Salanova,4.41,145
889,15.5,36.3,3855.3,164.3,Salanova,8.58,148
890,15.5,36.3,3855.3,164.3,Salanova,8.58,148
891,15.5,36.3,3855.3,164.3,Salanova,8.58,148
892,15.5,36.3,3855.3,164.3,Salanova,8.58,148
893,15.5,36.3,3855.3,164.3,Salanova,8.58,148
894,15.5,36.3,3855.3,164.3,Salanova,8.58,148
895,13.5,29.0,2893.2,116.5,Salanova,7.04,149
896,13.5,29.0,2893.2,116.5,Salanova,7.04,149
897,13.5,29.0,2893.2,116.5,Salanova,7.04,149
898,13.5,29.0,2893.2,116.5,Salanova,7.04,149
899,13.5,29.0,2893.2,116.5,Salanova,7.04,149
900,13.5,29.0,2893.2,116.5,Salanova,7.04,149
901,12.9,28.4,2593.7,128.7,Salanova,7.18,150
902,12.9,28.4,2593.7,128.7,Salanova,7.18,150
903,12.9,28.4,2593.7,128.7,Salanova,7.18,150
904,12.9,28.4,2593.7,128.7,Salanova,7.18,150
905,12.9,28.4,2593.7,128.7,Salanova,7.18,150
906,12.9,28.4,2593.7,128.7,Salanova,7.18,150
907,11.1,28.1,3979.1,186.0,Salanova,9.4,151
908,11.1,28.1,3979.1,186.0,Salanova,9.4,151
909,11.1,28.1,3979.1,186.0,Salanova,9.4,151
910,11.1,28.1,3979.1,186.0,Salanova,9.4,151
911,11.1,28.1,3979.1,186.0,Salanova,9.4,151
912,11.1,28.1,3979.1,186.0,Salanova,9.4,151
913,15.8,32.0,3089.2,133.2,Salanova,6.84,152
914,15.8,32.0,3089.2,133.2,Salanova,6.84,152
915,15.8,32.0,3089.2,133.2,Salanova,6.84,152
916,15.8,32.0,3089.2,133.2,Salanova,6.84,152
917,15.8,32.0,3089.2,133.2,Salanova,6.84,152
918,15.8,32.0,3089.2,133.2,Salanova,6.84,152
919,16.5,33.3,5001.9,207.5,Salanova,10.38,153
920,16.5,33.3,5001.9,207.5,Salanova,10.38,153
921,16.5,33.3,5001.9,207.5,Salanova,10.38,153
922,16.5,33.3,5001.9,207.5,Salanova,10.38,153
923,16.5,33.3,5001.9,207.5,Salanova,10.38,153
924,16.5,33.3,5001.9,207.5,Salanova,10.38,153
931,15.0,33.1,4006.5,128.3,Salanova,8.47,155
932,15.0,33.1,4006.5,128.3,Salanova,8.47,155
933,15.0,33.1,4006.5,128.3,Salanova,8.47,155
934,15.0,33.1,4006.5,128.3,Salanova,8.47,155
935,15.0,33.1,4006.5,128.3,Salanova,8.47,155
936,15.0,33.1,4006.5,128.3,Salanova,8.47,155
937,15.5,30.5,3694.1,197.7,Salanova,10.95,156
938,15.5,30.5,3694.1,197.7,Salanova,10.95,156
939,15.5,30.5,3694.1,197.7,Salanova,10.95,156
940,15.5,30.5,3694.1,197.7,Salanova,10.95,156
941,15.5,30.5,3694.1,197.7,Salanova,10.95,156
942,15.5,30.5,3694.1,197.7,Salanova,10.95,156
943,15.0,30.5,3928.0,207.7,Salanova,11.0,157
944,15.0,30.5,3928.0,207.7,Salanova,11.0,157
945,15.0,30.5,3928.0,207.7,Salanova,11.0,157
946,15.0,30.5,3928.0,207.7,Salanova,11.0,157
947,15.0,30.5,3928.0,207.7,Salanova,11.0,157
948,15.0,30.5,3928.0,207.7,Salanova,11.0,157
949,15.0,29.0,3986.3,220.9,Salanova,12.13,158
950,15.0,29.0,3986.3,220.9,Salanova,12.13,158
951,15.0,29.0,3986.3,220.9,Salanova,12.13,158
952,15.0,29.0,3986.3,220.9,Salanova,12.13,158
953,15.0,29.0,3986.3,220.9,Salanova,12.13,158
954,15.0,29.0,3986.3,220.9,Salanova,12.13,158
961,17.0,31.3,4964.8,254.6,Salanova,13.03,160
962,17.0,31.3,4964.8,254.6,Salanova,13.03,160
963,17.0,31.3,4964.8,254.6,Salanova,13.03,160
964,17.0,31.3,4964.8,254.6,Salanova,13.03,160
965,17.0,31.3,4964.8,254.6,Salanova,13.03,160
966,17.0,31.3,4964.8,254.6,Salanova,13.03,160
967,16.0,34.0,4143.9,216.6,Salanova,11.55,161
968,16.0,34.0,4143.9,216.6,Salanova,11.55,161
969,16.0,34.0,4143.9,216.6,Salanova,11.55,161
970,16.0,34.0,4143.9,216.6,Salanova,11.55,161
971,16.0,34.0,4143.9,216.6,Salanova,11.55,161
972,16.0,34.0,4143.9,216.6,Salanova,11.55,161
979,17.1,34.0,5194.0,259.4,Salanova,12.56,163
980,17.1,34.0,5194.0,259.4,Salanova,12.56,163
981,17.1,34.0,5194.0,259.4,Salanova,12.56,163
982,17.1,34.0,5194.0,259.4,Salanova,12.56,163
983,17.1,34.0,5194.0,259.4,Salanova,12.56,163
984,17.1,34.0,5194.0,259.4,Salanova,12.56,163
985,16.5,32.0,6365.0,324.1,Salanova,13.9,164
986,16.5,32.0,6365.0,324.1,Salanova,13.9,164
987,16.5,32.0,6365.0,324.1,Salanova,13.9,164
988,16.5,32.0,6365.0,324.1,Salanova,13.9,164
989,16.5,32.0,6365.0,324.1,Salanova,13.9,164
990,16.5,32.0,6365.0,324.1,Salanova,13.9,164
991,17.0,29.0,4112.6,240.1,Salanova,8.94,165
992,17.0,29.0,4112.6,240.1,Salanova,8.94,165
993,17.0,29.0,4112.6,240.1,Salanova,8.94,165
994,17.0,29.0,4112.6,240.1,Salanova,8.94,165
995,17.0,29.0,4112.6,240.1,Salanova,8.94,165
996,17.0,29.0,4112.6,240.1,Salanova,8.94,165
1003,15.4,39.2,4279.3,229.2,Salanova,11.69,167
1004,15.4,39.2,4279.3,229.2,Salanova,11.69,167
1005,15.4,39.2,4279.3,229.2,Salanova,11.69,167
1006,15.4,39.2,4279.3,229.2,Salanova,11.69,167
1007,15.4,39.2,4279.3,229.2,Salanova,11.69,167
1008,15.4,39.2,4279.3,229.2,Salanova,11.69,167
1009,17.0,33.0,5088.8,268.4,Salanova,12.11,168
1010,17.0,33.0,5088.8,268.4,Salanova,12.11,168
1011,17.0,33.0,5088.8,268.4,Salanova,12.11,168
1012,17.0,33.0,5088.8,268.4,Salanova,12.11,168
1013,17.0,33.0,5088.8,268.4,Salanova,12.11,168
1014,17.0,33.0,5088.8,268.4,Salanova,12.11,168
1021,13.6,22.5,3987.9,184.2,Salanova,10.42,170
1022,13.6,22.5,3987.9,184.2,Salanova,10.42,170
1023,13.6,22.5,3987.9,184.2,Salanova,10.42,170
1024,13.6,22.5,3987.9,184.2,Salanova,10.42,170
1025,13.6,22.5,3987.9,184.2,Salanova,10.42,170
1026,13.6,22.5,3987.9,184.2,Salanova,10.42,170
1027,18.0,35.2,4557.3,219.1,Salanova,11.51,171
1028,18.0,35.2,4557.3,219.1,Salanova,11.51,171
1029,18.0,35.2,4557.3,219.1,Salanova,11.51,171
1030,18.0,35.2,4557.3,219.1,Salanova,11.51,171
1031,18.0,35.2,4557.3,219.1,Salanova,11.51,171
1032,18.0,35.2,4557.3,219.1,Salanova,11.51,171
1033,15.0,32.3,4255.6,272.6,Salanova,13.48,172
1034,15.0,32.3,4255.6,272.6,Salanova,13.48,172
1035,15.0,32.3,4255.6,272.6,Salanova,13.48,172
1036,15.0,32.3,4255.6,272.6,Salanova,13.48,172
1037,15.0,32.3,4255.6,272.6,Salanova,13.48,172
1038,15.0,32.3,4255.6,272.6,Salanova,13.48,172
1039,8.2,12.0,80.6,2.6,Satine,0.14,173
1040,8.2,12.0,80.6,2.6,Satine,0.14,173
1041,8.2,12.0,80.6,2.6,Satine,0.14,173
1042,8.2,12.0,80.6,2.6,Satine,0.14,173
1043,8.2,12.0,80.6,2.6,Satine,0.14,173
1044,8.2,12.0,80.6,2.6,Satine,0.14,173
1045,8.5,8.2,67.4,2.1,Satine,0.1,174
1046,8.5,8.2,67.4,2.1,Satine,0.1,174
1047,8.5,8.2,67.4,2.1,Satine,0.1,174
1048,8.5,8.2,67.4,2.1,Satine,0.1,174
1049,8.5,8.2,67.4,2.1,Satine,0.1,174
1050,8.5,8.2,67.4,2.1,Satine,0.1,174
1051,7.5,9.5,65.0,2.0,Satine,0.09,175
1052,7.5,9.5,65.0,2.0,Satine,0.09,175
1053,7.5,9.5,65.0,2.0,Satine,0.09,175
1054,7.5,9.5,65.0,2.0,Satine,0.09,175
1055,7.5,9.5,65.0,2.0,Satine,0.09,175
1056,7.5,9.5,65.0,2.0,Satine,0.09,175
1057,6.5,14.4,135.7,5.0,Satine,0.48,176
1058,6.5,14.4,135.7,5.0,Satine,0.48,176
1059,6.5,14.4,135.7,5.0,Satine,0.48,176
1060,6.5,14.4,135.7,5.0,Satine,0.48,176
1061,6.5,14.4,135.7,5.0,Satine,0.48,176
1062,6.5,14.4,135.7,5.0,Satine,0.48,176
1063,8.8,10.3,191.2,7.3,Satine,0.5,177
1064,8.8,10.3,191.2,7.3,Satine,0.5,177
1065,8.8,10.3,191.2,7.3,Satine,0.5,177
1066,8.8,10.3,191.2,7.3,Satine,0.5,177
1067,8.8,10.3,191.2,7.3,Satine,0.5,177
1068,8.8,10.3,191.2,7.3,Satine,0.5,177
1075,7.0,13.5,161.0,6.2,Satine,0.45,179
1076,7.0,13.5,161.0,6.2,Satine,0.45,179
1077,7.0,13.5,161.0,6.2,Satine,0.45,179
1078,7.0,13.5,161.0,6.2,Satine,0.45,179
1079,7.0,13.5,161.0,6.2,Satine,0.45,179
1080,7.0,13.5,161.0,6.2,Satine,0.45,179
1081,7.2,13.1,119.5,3.9,Satine,0.28,180
1082,7.2,13.1,119.5,3.9,Satine,0.28,180
1083,7.2,13.1,119.5,3.9,Satine,0.28,180
1084,7.2,13.1,119.5,3.9,Satine,0.28,180
1085,7.2,13.1,119.5,3.9,Satine,0.28,180
1086,7.2,13.1,119.5,3.9,Satine,0.28,180
1093,6.0,12.0,161.6,6.0,Satine,0.43,182
1094,6.0,12.0,161.6,6.0,Satine,0.43,182
1095,6.0,12.0,161.6,6.0,Satine,0.43,182
1096,6.0,12.0,161.6,6.0,Satine,0.43,182
1097,6.0,12.0,161.6,6.0,Satine,0.43,182
1098,6.0,12.0,161.6,6.0,Satine,0.43,182
1099,7.0,10.6,138.1,4.6,Satine,0.37,183
1100,7.0,10.6,138.1,4.6,Satine,0.37,183
1101,7.0,10.6,138.1,4.6,Satine,0.37,183
1102,7.0,10.6,138.1,4.6,Satine,0.37,183
1103,7.0,10.6,138.1,4.6,Satine,0.37,183
1104,7.0,10.6,138.1,4.6,Satine,0.37,183
1105,7.0,16.0,598.7,23.0,Satine,1.28,184
1106,7.0,16.0,598.7,23.0,Satine,1.28,184
1107,7.0,16.0,598.7,23.0,Satine,1.28,184
1108,7.0,16.0,598.7,23.0,Satine,1.28,184
1109,7.0,16.0,598.7,23.0,Satine,1.28,184
1110,7.0,16.0,598.7,23.0,Satine,1.28,184
1117,7.5,18.1,452.3,23.2,Satine,1.36,186
1118,7.5,18.1,452.3,23.2,Satine,1.36,186
1119,7.5,18.1,452.3,23.2,Satine,1.36,186
1120,7.5,18.1,452.3,23.2,Satine,1.36,186
1121,7.5,18.1,452.3,23.2,Satine,1.36,186
1122,7.5,18.1,452.3,23.2,Satine,1.36,186
1123,8.4,17.0,538.2,22.3,Satine,1.36,187
1124,8.4,17.0,538.2,22.3,Satine,1.36,187
1125,8.4,17.0,538.2,22.3,Satine,1.36,187
1126,8.4,17.0,538.2,22.3,Satine,1.36,187
1127,8.4,17.0,538.2,22.3,Satine,1.36,187
1128,8.4,17.0,538.2,22.3,Satine,1.36,187
1129,8.8,19.1,606.7,26.4,Satine,1.48,188
1130,8.8,19.1,606.7,26.4,Satine,1.48,188
1131,8.8,19.1,606.7,26.4,Satine,1.48,188
1132,8.8,19.1,606.7,26.4,Satine,1.48,188
1133,8.8,19.1,606.7,26.4,Satine,1.48,188
1134,8.8,19.1,606.7,26.4,Satine,1.48,188
1135,7.8,18.3,735.8,35.5,Satine,2.12,189
1136,7.8,18.3,735.8,35.5,Satine,2.12,189
1137,7.8,18.3,735.8,35.5,Satine,2.12,189
1138,7.8,18.3,735.8,35.5,Satine,2.12,189
1139,7.8,18.3,735.8,35.5,Satine,2.12,189
1140,7.8,18.3,735.8,35.5,Satine,2.12,189
1141,8.5,18.1,492.4,22.3,Satine,1.29,190
1142,8.5,18.1,492.4,22.3,Satine,1.29,190
1143,8.5,18.1,492.4,22.3,Satine,1.29,190
1144,8.5,18.1,492.4,22.3,Satine,1.29,190
1145,8.5,18.1,492.4,22.3,Satine,1.29,190
1146,8.5,18.1,492.4,22.3,Satine,1.29,190
1147,8.7,20.1,714.4,31.2,Satine,1.76,191
1148,8.7,20.1,714.4,31.2,Satine,1.76,191
1149,8.7,20.1,714.4,31.2,Satine,1.76,191
1150,8.7,20.1,714.4,31.2,Satine,1.76,191
1151,8.7,20.1,714.4,31.2,Satine,1.76,191
1152,8.7,20.1,714.4,31.2,Satine,1.76,191
1153,12.0,21.6,1225.0,70.0,Satine,3.28,192
1154,12.0,21.6,1225.0,70.0,Satine,3.28,192
1155,12.0,21.6,1225.0,70.0,Satine,3.28,192
1156,12.0,21.6,1225.0,70.0,Satine,3.28,192
1157,12.0,21.6,1225.0,70.0,Satine,3.28,192
1158,12.0,21.6,1225.0,70.0,Satine,3.28,192
1159,9.2,18.0,695.6,39.1,Satine,2.13,193
1160,9.2,18.0,695.6,39.1,Satine,2.13,193
1161,9.2,18.0,695.6,39.1,Satine,2.13,193
1162,9.2,18.0,695.6,39.1,Satine,2.13,193
1163,9.2,18.0,695.6,39.1,Satine,2.13,193
1164,9.2,18.0,695.6,39.1,Satine,2.13,193
1171,10.6,19.0,770.0,34.0,Satine,1.69,195
1172,10.6,19.0,770.0,34.0,Satine,1.69,195
1173,10.6,19.0,770.0,34.0,Satine,1.69,195
1174,10.6,19.0,770.0,34.0,Satine,1.69,195
1175,10.6,19.0,770.0,34.0,Satine,1.69,195
1176,10.6,19.0,770.0,34.0,Satine,1.69,195
1183,11.9,20.4,1061.8,61.6,Satine,2.8,197
1184,11.9,20.4,1061.8,61.6,Satine,2.8,197
1185,11.9,20.4,1061.8,61.6,Satine,2.8,197
1186,11.9,20.4,1061.8,61.6,Satine,2.8,197
1187,11.9,20.4,1061.8,61.6,Satine,2.8,197
1188,11.9,20.4,1061.8,61.6,Satine,2.8,197
1195,9.5,21.7,986.2,56.0,Satine,2.49,199
1196,9.5,21.7,986.2,56.0,Satine,2.49,199
1197,9.5,21.7,986.2,56.0,Satine,2.49,199
1198,9.5,21.7,986.2,56.0,Satine,2.49,199
1199,9.5,21.7,986.2,56.0,Satine,2.49,199
1200,9.5,21.7,986.2,56.0,Satine,2.49,199
1207,9.4,21.2,999.2,48.8,Satine,2.21,201
1208,9.4,21.2,999.2,48.8,Satine,2.21,201
1209,9.4,21.2,999.2,48.8,Satine,2.21,201
1210,9.4,21.2,999.2,48.8,Satine,2.21,201
1211,9.4,21.2,999.2,48.8,Satine,2.21,201
1212,9.4,21.2,999.2,48.8,Satine,2.21,201
1213,11.0,21.0,1090.2,71.0,Satine,3.69,202
1214,11.0,21.0,1090.2,71.0,Satine,3.69,202
1215,11.0,21.0,1090.2,71.0,Satine,3.69,202
1216,11.0,21.0,1090.2,71.0,Satine,3.69,202
1217,11.0,21.0,1090.2,71.0,Satine,3.69,202
1218,11.0,21.0,1090.2,71.0,Satine,3.69,202
1219,11.0,21.0,1212.5,82.0,Satine,3.7,203
1220,11.0,21.0,1212.5,82.0,Satine,3.7,203
1221,11.0,21.0,1212.5,82.0,Satine,3.7,203
1222,11.0,21.0,1212.5,82.0,Satine,3.7,203
1223,11.0,21.0,1212.5,82.0,Satine,3.7,203
1224,11.0,21.0,1212.5,82.0,Satine,3.7,203
1225,11.0,24.0,2059.2,104.0,Satine,4.75,204
1226,11.0,24.0,2059.2,104.0,Satine,4.75,204
1227,11.0,24.0,2059.2,104.0,Satine,4.75,204
1228,11.0,24.0,2059.2,104.0,Satine,4.75,204
1229,11.0,24.0,2059.2,104.0,Satine,4.75,204
1230,11.0,24.0,2059.2,104.0,Satine,4.75,204
1237,11.0,22.0,1237.5,70.0,Satine,3.51,206
1238,11.0,22.0,1237.5,70.0,Satine,3.51,206
1239,11.0,22.0,1237.5,70.0,Satine,3.51,206
1240,11.0,22.0,1237.5,70.0,Satine,3.51,206
1241,11.0,22.0,1237.5,70.0,Satine,3.51,206
1242,11.0,22.0,1237.5,70.0,Satine,3.51,206
1243,10.0,25.0,1648.3,102.0,Satine,5.21,207
1244,10.0,25.0,1648.3,102.0,Satine,5.21,207
1245,10.0,25.0,1648.3,102.0,Satine,5.21,207
1246,10.0,25.0,1648.3,102.0,Satine,5.21,207
1247,10.0,25.0,1648.3,102.0,Satine,5.21,207
1248,10.0,25.0,1648.3,102.0,Satine,5.21,207
1249,11.0,21.0,1251.4,66.0,Satine,3.91,208
1250,11.0,21.0,1251.4,66.0,Satine,3.91,208
1251,11.0,21.0,1251.4,66.0,Satine,3.91,208
1252,11.0,21.0,1251.4,66.0,Satine,3.91,208
1253,11.0,21.0,1251.4,66.0,Satine,3.91,208
1254,11.0,21.0,1251.4,66.0,Satine,3.91,208
1255,16.5,25.0,1997.9,143.0,Satine,6.44,209
1256,16.5,25.0,1997.9,143.0,Satine,6.44,209
1257,16.5,25.0,1997.9,143.0,Satine,6.44,209
1258,16.5,25.0,1997.9,143.0,Satine,6.44,209
1259,16.5,25.0,1997.9,143.0,Satine,6.44,209
1260,16.5,25.0,1997.9,143.0,Satine,6.44,209
1261,14.0,22.0,1508.7,118.3,Satine,6.0,210
1262,14.0,22.0,1508.7,118.3,Satine,6.0,210
1263,14.0,22.0,1508.7,118.3,Satine,6.0,210
1264,14.0,22.0,1508.7,118.3,Satine,6.0,210
1265,14.0,22.0,1508.7,118.3,Satine,6.0,210
1266,14.0,22.0,1508.7,118.3,Satine,6.0,210
1267,16.0,24.0,1707.4,119.9,Satine,5.41,211
1268,16.0,24.0,1707.4,119.9,Satine,5.41,211
1269,16.0,24.0,1707.4,119.9,Satine,5.41,211
1270,16.0,24.0,1707.4,119.9,Satine,5.41,211
1271,16.0,24.0,1707.4,119.9,Satine,5.41,211
1272,16.0,24.0,1707.4,119.9,Satine,5.41,211
1273,18.3,27.0,1881.5,137.2,Satine,6.71,212
1274,18.3,27.0,1881.5,137.2,Satine,6.71,212
1275,18.3,27.0,1881.5,137.2,Satine,6.71,212
1276,18.3,27.0,1881.5,137.2,Satine,6.71,212
1277,18.3,27.0,1881.5,137.2,Satine,6.71,212
1278,18.3,27.0,1881.5,137.2,Satine,6.71,212
1279,16.5,22.2,1822.9,134.4,Satine,6.16,213
1280,16.5,22.2,1822.9,134.4,Satine,6.16,213
1281,16.5,22.2,1822.9,134.4,Satine,6.16,213
1282,16.5,22.2,1822.9,134.4,Satine,6.16,213
1283,16.5,22.2,1822.9,134.4,Satine,6.16,213
1284,16.5,22.2,1822.9,134.4,Satine,6.16,213
1285,15.0,24.0,1977.0,125.1,Satine,6.0,214
1286,15.0,24.0,1977.0,125.1,Satine,6.0,214
1287,15.0,24.0,1977.0,125.1,Satine,6.0,214
1288,15.0,24.0,1977.0,125.1,Satine,6.0,214
1289,15.0,24.0,1977.0,125.1,Satine,6.0,214
1290,15.0,24.0,1977.0,125.1,Satine,6.0,214
1291,19.0,27.0,3177.1,279.4,Satine,10.93,215
1292,19.0,27.0,3177.1,279.4,Satine,10.93,215
1293,19.0,27.0,3177.1,279.4,Satine,10.93,215
1294,19.0,27.0,3177.1,279.4,Satine,10.93,215
1295,19.0,27.0,3177.1,279.4,Satine,10.93,215
1296,19.0,27.0,3177.1,279.4,Satine,10.93,215
1297,18.0,26.5,2091.8,172.7,Satine,7.9,216
1298,18.0,26.5,2091.8,172.7,Satine,7.9,216
1299,18.0,26.5,2091.8,172.7,Satine,7.9,216
1300,18.0,26.5,2091.8,172.7,Satine,7.9,216
1301,18.0,26.5,2091.8,172.7,Satine,7.9,216
1302,18.0,26.5,2091.8,172.7,Satine,7.9,216
1303,14.0,25.0,1899.6,130.4,Satine,6.6,217
1304,14.0,25.0,1899.6,130.4,Satine,6.6,217
1305,14.0,25.0,1899.6,130.4,Satine,6.6,217
1306,14.0,25.0,1899.6,130.4,Satine,6.6,217
1307,14.0,25.0,1899.6,130.4,Satine,6.6,217
1308,14.0,25.0,1899.6,130.4,Satine,6.6,217
1321,16.0,26.0,2820.6,251.9,Satine,10.97,220
1322,16.0,26.0,2820.6,251.9,Satine,10.97,220
1323,16.0,26.0,2820.6,251.9,Satine,10.97,220
1324,16.0,26.0,2820.6,251.9,Satine,10.97,220
1325,16.0,26.0,2820.6,251.9,Satine,10.97,220
1326,16.0,26.0,2820.6,251.9,Satine,10.97,220
1327,18.0,25.0,2559.6,139.0,Satine,6.98,221
1328,18.0,25.0,2559.6,139.0,Satine,6.98,221
1329,18.0,25.0,2559.6,139.0,Satine,6.98,221
1330,18.0,25.0,2559.6,139.0,Satine,6.98,221
1331,18.0,25.0,2559.6,139.0,Satine,6.98,221
1332,18.0,25.0,2559.6,139.0,Satine,6.98,221
1333,18.0,19.0,1817.7,134.7,Satine,6.28,222
1334,18.0,19.0,1817.7,134.7,Satine,6.28,222
1335,18.0,19.0,1817.7,134.7,Satine,6.28,222
1336,18.0,19.0,1817.7,134.7,Satine,6.28,222
1337,18.0,19.0,1817.7,134.7,Satine,6.28,222
1338,18.0,19.0,1817.7,134.7,Satine,6.28,222
1339,19.5,28.5,2685.1,175.4,Satine,8.41,223
1340,19.5,28.5,2685.1,175.4,Satine,8.41,223
1341,19.5,28.5,2685.1,175.4,Satine,8.41,223
1342,19.5,28.5,2685.1,175.4,Satine,8.41,223
1343,19.5,28.5,2685.1,175.4,Satine,8.41,223
1344,19.5,28.5,2685.1,175.4,Satine,8.41,223
1351,17.5,27.5,2499.0,186.2,Satine,8.34,225
1352,17.5,27.5,2499.0,186.2,Satine,8.34,225
1353,17.5,27.5,2499.0,186.2,Satine,8.34,225
1354,17.5,27.5,2499.0,186.2,Satine,8.34,225
1355,17.5,27.5,2499.0,186.2,Satine,8.34,225
1356,17.5,27.5,2499.0,186.2,Satine,8.34,225
1363,18.0,24.0,2961.9,213.5,Satine,8.77,227
1364,18.0,24.0,2961.9,213.5,Satine,8.77,227
1365,18.0,24.0,2961.9,213.5,Satine,8.77,227
1366,18.0,24.0,2961.9,213.5,Satine,8.77,227
1367,18.0,24.0,2961.9,213.5,Satine,8.77,227
1368,18.0,24.0,2961.9,213.5,Satine,8.77,227
1369,16.0,26.0,1858.3,163.2,Satine,9.17,228
1370,16.0,26.0,1858.3,163.2,Satine,9.17,228
1371,16.0,26.0,1858.3,163.2,Satine,9.17,228
1372,16.0,26.0,1858.3,163.2,Satine,9.17,228
1373,16.0,26.0,1858.3,163.2,Satine,9.17,228
1374,16.0,26.0,1858.3,163.2,Satine,9.17,228
1375,15.0,25.6,2257.1,209.3,Satine,8.19,229
1376,15.0,25.6,2257.1,209.3,Satine,8.19,229
1377,15.0,25.6,2257.1,209.3,Satine,8.19,229
1378,15.0,25.6,2257.1,209.3,Satine,8.19,229
1379,15.0,25.6,2257.1,209.3,Satine,8.19,229
1380,15.0,25.6,2257.1,209.3,Satine,8.19,229
1381,18.0,32.0,3179.4,204.5,Satine,9.2,230
1382,18.0,32.0,3179.4,204.5,Satine,9.2,230
1383,18.0,32.0,3179.4,204.5,Satine,9.2,230
1384,18.0,32.0,3179.4,204.5,Satine,9.2,230
1385,18.0,32.0,3179.4,204.5,Satine,9.2,230
1386,18.0,32.0,3179.4,204.5,Satine,9.2,230
